{"assets/images/IMG_20230602_112553.jpg":["assets/images/IMG_20230602_112553.jpg"],"assets/images/africa.jpg":["assets/images/africa.jpg"],"assets/images/africa1.jpg":["assets/images/africa1.jpg"],"assets/images/africa2.jpg":["assets/images/africa2.jpg"],"assets/images/animals.jpg":["assets/images/animals.jpg"],"assets/images/antarctica.jpg":["assets/images/antarctica.jpg"],"assets/images/asia.jpg":["assets/images/asia.jpg"],"assets/images/australia.jpg":["assets/images/australia.jpg"],"assets/images/background.png":["assets/images/background.png"],"assets/images/background_design.png":["assets/images/background_design.png"],"assets/images/background_img.jpg":["assets/images/background_img.jpg"],"assets/images/cover.jpg":["assets/images/cover.jpg"],"assets/images/europe.jpg":["assets/images/europe.jpg"],"assets/images/north_america.jpg":["assets/images/north_america.jpg"],"assets/images/photography.jpeg":["assets/images/photography.jpeg"],"assets/images/south_america.jpg":["assets/images/south_america.jpg"],"assets/images/south_america1.jpg":["assets/images/south_america1.jpg"],"assets/images/south_america2.jpg":["assets/images/south_america2.jpg"],"assets/images/test1.jpeg":["assets/images/test1.jpeg"],"assets/images/test14.jpg":["assets/images/test14.jpg"],"assets/images/test15.jpg":["assets/images/test15.jpg"],"assets/images/test16.jpg":["assets/images/test16.jpg"],"assets/images/test2.jpeg":["assets/images/test2.jpeg"],"assets/images/test3.jpeg":["assets/images/test3.jpeg"],"assets/images/test4.jpg":["assets/images/test4.jpg"],"assets/images/test5.jpg":["assets/images/test5.jpg"],"assets/images/test6.jpg":["assets/images/test6.jpg"],"assets/images/trekking.jpg":["assets/images/trekking.jpg"],"fonts/Electrolize-Regular.ttf":["fonts/Electrolize-Regular.ttf"],"fonts/Montserrat-Regular.ttf":["fonts/Montserrat-Regular.ttf"],"fonts/Raleway-Regular.ttf":["fonts/Raleway-Regular.ttf"],"packages/cupertino_icons/assets/CupertinoIcons.ttf":["packages/cupertino_icons/assets/CupertinoIcons.ttf"],"packages/wakelock_plus/assets/no_sleep.js":["packages/wakelock_plus/assets/no_sleep.js"]}